#assembly_accession,abundance
GCF_000262715.1,0.1610090529455198
GCF_002101295.1,0.03325127207277006
GCF_900090215.1,0.3746882646198604
GCF_000021805.1,0.005957456745389312
GCF_033688185.1,0.05698779623106111
GCF_026314315.1,0.032291275315005905
GCF_025979885.1,0.11816608927942791
GCF_027444465.1,0.03761820354721906
GCF_019216885.1,0.06211106593545407
GCF_024600715.1,0.11791952330829236
