#assembly_accession,abundance
GCF_028621895.1,0.3638933364726539
GCF_002157895.1,0.22432315533952432
GCF_006385135.1,0.09568047486620028
GCF_009925435.1,0.12873935329511624
GCF_002310495.1,0.18736368002650514
