#assembly_accession,abundance
GCF_027943725.1,0.018146986039561847
GCF_936269705.1,0.026787334681969765
GCF_001636345.1,0.05832835751835372
GCF_009876415.1,0.6118070349931535
GCF_001153365.1,0.0525191267987572
GCF_030295215.1,0.1305466879821932
GCF_002243345.2,0.01906455468811702
GCF_011761445.1,0.01805776854532404
GCF_007113665.2,0.054157985908006905
GCF_001941505.1,0.010584162844562836
