#assembly_accession,abundance
GCF_001543325.1,0.11051056277054086
GCF_003035825.1,0.04785469274960877
GCF_015676385.1,0.11510281228928847
GCF_003325355.1,0.35021585969638036
GCF_000238775.2,0.025135948241039423
GCF_018074945.1,0.011735998911385775
GCF_012976565.1,0.10299164941313742
GCF_028609845.1,0.1583600304671226
GCF_002105555.1,0.052619642544009075
GCF_027947595.1,0.025472802917487287
