#assembly_accession,abundance
GCF_000011225.1,0.4973282134045892
GCF_001047405.1,0.024656565005233905
GCF_016593235.1,0.05144350195519744
GCF_000372245.1,0.08516357166001852
GCF_008931305.1,0.34140814797496083
