#assembly_accession,abundance
GCF_963515885.1,0.3775920880658476
GCF_011018825.1,0.015714455223579893
GCF_900168205.1,0.10602766148203663
GCF_011007495.1,0.08920035234042736
GCF_029144185.1,0.051073806812462534
GCF_012976485.1,0.05365125259178947
GCF_000819565.1,0.060576671645637334
GCF_002931255.1,0.035192425174077085
GCF_008642315.1,0.0767370758257273
GCF_003234255.2,0.1342342108384147
