#assembly_accession,abundance
GCF_020497585.1,0.024207770381578616
GCF_900106075.1,0.18927564840432723
GCF_004153435.1,0.2805924456568561
GCF_001889265.1,0.07039047027794455
GCF_000013385.1,0.43553366527929355
