#assembly_accession,abundance
GCF_902375165.1,0.09208377696498675
GCF_024758225.1,0.18180319673183068
GCF_003286645.3,0.05395002244780767
GCF_001592755.1,0.04343969726404481
GCF_900093775.1,0.09898385594666963
GCF_900116535.1,0.02912748528205359
GCF_029866845.1,0.07788140905132877
GCF_013911085.1,0.21648185270230683
GCF_009905335.1,0.15380132165046678
GCF_030687275.1,0.052447381958504395
