#assembly_accession,abundance
GCF_963515885.1,0.30720117717516954
GCF_000008365.1,0.036329592923105954
GCF_013394655.1,0.05621708481819099
GCF_030294405.1,0.052441961912706996
GCF_001020485.1,0.1397307269104497
GCF_024748965.1,0.14539035753459623
GCF_001806305.1,0.04961737222679341
GCF_000661895.1,0.0995971293655939
GCF_014649675.1,0.08378703925491697
GCF_001013905.1,0.029687557878476375
