#assembly_accession,abundance
GCF_013394655.1,0.07337931660632036
GCF_025558565.1,0.18021251339747077
GCF_900105975.1,0.4589387516806082
GCF_904066215.1,0.11443911666266318
GCF_001941485.1,0.17303030165293745
