#assembly_accession,abundance
GCF_009707175.1,0.009708085625214122
GCF_001319925.1,0.2573695470171768
GCF_000355765.4,0.1346176385503804
GCF_003185725.2,0.44122639576712136
GCF_002865505.1,0.15707833304010738
