#assembly_accession,abundance
GCF_027286105.1,0.023325712689524374
GCF_021065005.1,0.03048262596131075
GCF_000218625.1,0.0931296507902086
GCF_024347515.1,0.01373318309242035
GCF_019703875.1,0.06762033665866227
GCF_001743015.1,0.03656321400060619
GCF_011300685.1,0.05283179119203902
GCF_001655595.1,0.14707244899011065
GCF_000214395.1,0.32507950522750917
GCF_006334985.2,0.21016153139760863
