#assembly_accession,abundance
GCF_020535165.1,0.04720717603683129
GCF_004139715.1,0.05192718484398954
GCF_000331025.1,0.36813123772474515
GCF_014117325.1,0.0585410472859065
GCF_011765565.1,0.046390796911289216
GCF_018388785.1,0.07976241691774824
GCF_025997915.1,0.03798060752116066
GCF_030687515.1,0.21525690744181616
GCF_002162355.1,0.04700621294962118
GCF_015291625.1,0.04779641236689206
