#assembly_accession,abundance
GCF_003355115.1,0.03630404043833236
GCF_000166335.1,0.28195499878613633
GCF_030418155.1,0.2695526747354035
GCF_015679265.1,0.3612148908726549
GCF_023277965.1,0.05097339516747282
