#assembly_accession,abundance
GCF_023035835.1,0.1627150551629023
GCF_000185985.2,0.07647652334488199
GCF_009866765.1,0.22107105677810396
GCF_012910825.1,0.1153853754357328
GCF_022557175.1,0.42435198927837897
