#assembly_accession,abundance
GCF_018137985.1,0.43858879879358376
GCF_017367705.1,0.2895590801126287
GCF_030322985.1,0.13167223862905544
GCF_029962625.1,0.06006569126890076
GCF_005490965.1,0.08011419119583135
