#assembly_accession,abundance
GCF_002006235.2,0.10082606883177397
GCF_004115705.1,0.21783189204423603
GCF_003097575.1,0.14304335041788602
GCF_018080005.1,0.024766087785967856
GCF_003095655.1,0.033124882739697215
GCF_025140835.1,0.15071159588689303
GCF_000962945.1,0.1453345191096878
GCF_000309885.1,0.033104577361965495
GCF_001632775.1,0.05145648639344311
GCF_025643355.1,0.09980053942844958
