#assembly_accession,abundance
GCF_001866075.3,0.09443005641835335
GCF_016756335.1,0.3221171931395289
GCF_008329965.1,0.02764420569519045
GCF_001218185.1,0.08854718440133723
GCF_021513215.1,0.13653604133209346
GCF_000470975.2,0.01086982233261392
GCF_021165715.1,0.03475484870985011
GCF_000025185.1,0.2274180135336233
GCF_032571135.1,0.04799870950048256
GCF_030864005.1,0.009683924936926751
