#assembly_accession,abundance
GCF_008180725.1,0.027610853074624405
GCF_011064285.1,0.009019378695940217
GCF_010577855.1,0.10451194502721402
GCF_001904615.1,0.05563391121111756
GCF_905175355.1,0.15852234837140783
GCF_014279975.1,0.006685296730301639
GCF_017051815.1,0.04622127958432893
GCF_002934665.1,0.04280412082819467
GCF_001586235.1,0.4878204003056655
GCF_020911845.1,0.06117046617120537
