#assembly_accession,abundance
GCF_023035835.1,0.045296215539462385
GCF_025947385.1,0.14501288018601763
GCF_007678955.1,0.46218999513880554
GCF_001305575.3,0.04291565001811813
GCF_030845195.1,0.030439827893085178
GCF_000803315.1,0.011732531647156576
GCF_016008155.1,0.22353352488475953
GCF_013000965.1,0.0023764223839793305
GCF_031020795.1,0.008796299059879192
GCF_016916835.1,0.02770665324873642
