#assembly_accession,abundance
GCF_003351745.1,0.2790039399830157
GCF_025234775.1,0.09334863196143066
GCF_011038885.2,0.15871019444065676
GCF_015234425.1,0.4448413984445764
GCF_025200925.1,0.02409583517032044
