#assembly_accession,abundance
GCF_021166035.1,0.042663857337689785
GCF_915066995.1,0.05464342698519103
GCF_015230395.1,0.15278710341622528
GCF_000236685.1,0.11128405334428941
GCF_022867795.2,0.02805518027991859
GCF_902388075.1,0.1926520417598973
GCF_000026185.1,0.08253262488561657
GCF_000348565.1,0.03316783602251392
GCF_946477055.1,0.2802047889327323
GCF_000172695.2,0.022009087035925825
