#assembly_accession,abundance
GCF_014251675.1,0.03952596501232813
GCF_028736135.1,0.09035776312721659
GCF_024181245.1,0.5498406294429764
GCF_023078475.1,0.2017283514442599
GCF_027941835.1,0.11854729097321902
