#assembly_accession,abundance
GCF_015676385.1,0.028536293111314708
GCF_002836795.1,0.17490716051146565
GCF_023635105.1,0.2270315970956558
GCF_003966215.1,0.25991628772815706
GCF_009720185.1,0.30960866155340677
