#assembly_accession,abundance
GCF_024582835.1,0.41770445671407136
GCF_002005145.1,0.2071297600753519
GCF_003318155.1,0.04250458657883169
GCF_014263395.1,0.10418156194121697
GCF_009363615.1,0.22847963469052798
