#assembly_accession,abundance
GCF_000009605.1,0.039289613229121736
GCF_001653955.1,0.012004754249337944
GCF_029392675.1,0.05072458517802714
GCF_030223945.1,0.5380289780655928
GCF_031316285.1,0.0619305242858821
GCF_018138125.1,0.0064596812789416225
GCF_000826845.1,0.028392439224283774
GCF_021165955.1,0.1983180273735042
GCF_014843515.1,0.021704516275702756
GCF_001507665.1,0.04314688083960597
