#assembly_accession,abundance
GCF_000968375.1,0.24167015280057738
GCF_021172165.1,0.21356701232692532
GCF_031583555.1,0.09748170114657681
GCF_000830985.1,0.16008995988569652
GCF_000212695.1,0.28719117384022386
