#assembly_accession,abundance
GCF_007971385.1,0.42979543188027086
GCF_024398035.1,0.14627685378121486
GCF_004137815.1,0.20858266203301828
GCF_009861505.1,0.14663389746373398
GCF_008728835.1,0.06871115484176203
