#assembly_accession,abundance
GCF_003124115.1,0.07021430491352941
GCF_024267655.1,0.22602090655523607
GCF_014844275.1,0.11042042041598028
GCF_011082485.1,0.037445033630624514
GCF_947096245.1,0.03690865627184361
GCF_009866785.1,0.09803573546739648
GCF_963538855.1,0.03593689639750391
GCF_030144325.1,0.20034459134366842
GCF_900142595.1,0.15737069816763097
GCF_032878875.1,0.027302756836586388
