#assembly_accession,abundance
GCF_013394105.1,0.05866002545930795
GCF_018688375.1,0.0830081250071888
GCF_000767685.1,0.15007245939674355
GCF_000721255.1,0.3220297855174611
GCF_029714205.1,0.3862296046192986
